,Putere discriminare,PValues
Z1,267.4667001335481,1.1102230246251565e-16
Z2,23.06134109790723,1.1560388202269678e-09
