Factor,Varianta,Varianta cumulata,Procent varianta,Procent cumulat
F1,12.38212563141624,12.38212563141624,88.44375451011601,88.44375451011601
